,dataset,model,algorithm,fold,metric,value
0,HLM,ECFP4,linear,0,MAE,0.8914010779504364
1,HLM,ECFP4,linear,0,RMSE,1.1376037489844164
2,HLM,ECFP4,linear,0,R2,-2.818891147004935
3,HLM,ECFP4,linear,1,MAE,1.1260285037313957
4,HLM,ECFP4,linear,1,RMSE,1.404339806525069
5,HLM,ECFP4,linear,1,R2,-6.180969598187079
6,HLM,ECFP4,linear,2,MAE,0.9609990427198452
7,HLM,ECFP4,linear,2,RMSE,1.2496340520209464
8,HLM,ECFP4,linear,2,R2,-5.347069312339626
9,HLM,ECFP4,linear,3,MAE,1.0115812094830268
10,HLM,ECFP4,linear,3,RMSE,1.269668094471295
11,HLM,ECFP4,linear,3,R2,-5.021515179194427
12,HLM,ECFP4,linear,4,MAE,0.9718640128929567
13,HLM,ECFP4,linear,4,RMSE,1.1918705794908089
14,HLM,ECFP4,linear,4,R2,-3.5148604373105785
15,HLM,ECFP4,svm,0,MAE,0.44119023255763884
16,HLM,ECFP4,svm,0,RMSE,0.5284416905736268
17,HLM,ECFP4,svm,0,R2,0.17595790641970854
18,HLM,ECFP4,svm,1,MAE,0.41615103241207696
19,HLM,ECFP4,svm,1,RMSE,0.4983388092927017
20,HLM,ECFP4,svm,1,R2,0.09575087763987056
21,HLM,ECFP4,svm,2,MAE,0.37961808254624285
22,HLM,ECFP4,svm,2,RMSE,0.45782782420562884
23,HLM,ECFP4,svm,2,R2,0.14805431982052275
24,HLM,ECFP4,svm,3,MAE,0.39323887564322146
25,HLM,ECFP4,svm,3,RMSE,0.49013575926816383
26,HLM,ECFP4,svm,3,R2,0.1026576792579309
27,HLM,ECFP4,svm,4,MAE,0.41771342311341797
28,HLM,ECFP4,svm,4,RMSE,0.5039276683860545
29,HLM,ECFP4,svm,4,R2,0.19290893574007462
30,HLM,ECFP4,random-forest,0,MAE,0.45737063492247987
31,HLM,ECFP4,random-forest,0,RMSE,0.549551130043921
32,HLM,ECFP4,random-forest,0,R2,0.10880762761556673
33,HLM,ECFP4,random-forest,1,MAE,0.4324337807110622
34,HLM,ECFP4,random-forest,1,RMSE,0.5083401141701838
35,HLM,ECFP4,random-forest,1,R2,0.05909139615368564
36,HLM,ECFP4,random-forest,2,MAE,0.3991662381355754
37,HLM,ECFP4,random-forest,2,RMSE,0.4798814620854652
38,HLM,ECFP4,random-forest,2,R2,0.06400078250883756
39,HLM,ECFP4,random-forest,3,MAE,0.4131817997650809
40,HLM,ECFP4,random-forest,3,RMSE,0.5022500662066858
41,HLM,ECFP4,random-forest,3,R2,0.057751666186708905
42,HLM,ECFP4,random-forest,4,MAE,0.4446091981301183
43,HLM,ECFP4,random-forest,4,RMSE,0.5327553344788816
44,HLM,ECFP4,random-forest,4,R2,0.09792687413592638
45,HLM,MolFormer,linear,0,MAE,0.5647131234098883
46,HLM,MolFormer,linear,0,RMSE,0.6932707737437867
47,HLM,MolFormer,linear,0,R2,-0.41827691584944926
48,HLM,MolFormer,linear,1,MAE,0.5184205702521509
49,HLM,MolFormer,linear,1,RMSE,0.6424415469180931
50,HLM,MolFormer,linear,1,R2,-0.5028163586910899
51,HLM,MolFormer,linear,2,MAE,0.5185806307703547
52,HLM,MolFormer,linear,2,RMSE,0.6338790747886692
53,HLM,MolFormer,linear,2,R2,-0.6331285443834338
54,HLM,MolFormer,linear,3,MAE,0.5038591693297052
55,HLM,MolFormer,linear,3,RMSE,0.6408596458739864
56,HLM,MolFormer,linear,3,R2,-0.5340913591422591
57,HLM,MolFormer,linear,4,MAE,0.5475227645104676
58,HLM,MolFormer,linear,4,RMSE,0.6927141551672041
59,HLM,MolFormer,linear,4,R2,-0.5250857221506462
60,HLM,MolFormer,svm,0,MAE,0.4184515112766521
61,HLM,MolFormer,svm,0,RMSE,0.5121262854179356
62,HLM,MolFormer,svm,0,R2,0.22605627336031509
63,HLM,MolFormer,svm,1,MAE,0.37783566140131597
64,HLM,MolFormer,svm,1,RMSE,0.4674696259380331
65,HLM,MolFormer,svm,1,R2,0.20430712202899315
66,HLM,MolFormer,svm,2,MAE,0.38011883631300547
67,HLM,MolFormer,svm,2,RMSE,0.478718927776338
68,HLM,MolFormer,svm,2,R2,0.0685302893402443
69,HLM,MolFormer,svm,3,MAE,0.395667984620851
70,HLM,MolFormer,svm,3,RMSE,0.48859789194701775
71,HLM,MolFormer,svm,3,R2,0.10827991124880043
72,HLM,MolFormer,svm,4,MAE,0.4074599774504286
73,HLM,MolFormer,svm,4,RMSE,0.504018660114513
74,HLM,MolFormer,svm,4,R2,0.1926174445369062
75,HLM,MolFormer,random-forest,0,MAE,0.4514706987011895
76,HLM,MolFormer,random-forest,0,RMSE,0.5432379094485262
77,HLM,MolFormer,random-forest,0,R2,0.12916597615732528
78,HLM,MolFormer,random-forest,1,MAE,0.42063369272528495
79,HLM,MolFormer,random-forest,1,RMSE,0.49538716053602366
80,HLM,MolFormer,random-forest,1,R2,0.10643084661030788
81,HLM,MolFormer,random-forest,2,MAE,0.38238118761017903
82,HLM,MolFormer,random-forest,2,RMSE,0.476174834938701
83,HLM,MolFormer,random-forest,2,R2,0.0784043445405298
84,HLM,MolFormer,random-forest,3,MAE,0.40047569367501157
85,HLM,MolFormer,random-forest,3,RMSE,0.4843204864102712
86,HLM,MolFormer,random-forest,3,R2,0.12382460632375158
87,HLM,MolFormer,random-forest,4,MAE,0.4361852956726005
88,HLM,MolFormer,random-forest,4,RMSE,0.5217862234753803
89,HLM,MolFormer,random-forest,4,R2,0.13469074749877263
90,HLM,PhysChem,linear,0,MAE,0.743778537140524
91,HLM,PhysChem,linear,0,RMSE,7.65161716483358
92,HLM,PhysChem,linear,0,R2,-171.7673674654591
93,HLM,PhysChem,linear,1,MAE,0.4074815473822493
94,HLM,PhysChem,linear,1,RMSE,0.515222286301982
95,HLM,PhysChem,linear,1,R2,0.033441918195706744
96,HLM,PhysChem,linear,2,MAE,0.4285967370354794
97,HLM,PhysChem,linear,2,RMSE,0.7560881438253951
98,HLM,PhysChem,linear,2,R2,-1.323551992606638
99,HLM,PhysChem,linear,3,MAE,0.399875000606854
100,HLM,PhysChem,linear,3,RMSE,0.6005937891683625
101,HLM,PhysChem,linear,3,R2,-0.3473705369739484
102,HLM,PhysChem,linear,4,MAE,0.6323541637768354
103,HLM,PhysChem,linear,4,RMSE,4.767679414327769
104,HLM,PhysChem,linear,4,R2,-71.24374000100607
105,HLM,PhysChem,svm,0,MAE,0.3632376642026792
106,HLM,PhysChem,svm,0,RMSE,0.44926290573263766
107,HLM,PhysChem,svm,0,R2,0.40439768969748613
108,HLM,PhysChem,svm,1,MAE,0.3782744568345068
109,HLM,PhysChem,svm,1,RMSE,0.46721108318677296
110,HLM,PhysChem,svm,1,R2,0.20518702406160672
111,HLM,PhysChem,svm,2,MAE,0.36968745820236704
112,HLM,PhysChem,svm,2,RMSE,0.45630104261011667
113,HLM,PhysChem,svm,2,R2,0.1537270467542441
114,HLM,PhysChem,svm,3,MAE,0.3920882878847712
115,HLM,PhysChem,svm,3,RMSE,0.48438175808095585
116,HLM,PhysChem,svm,3,R2,0.12360290136790841
117,HLM,PhysChem,svm,4,MAE,0.3938934158777515
118,HLM,PhysChem,svm,4,RMSE,0.4831326551049551
119,HLM,PhysChem,svm,4,R2,0.25814519167326233
120,HLM,PhysChem,random-forest,0,MAE,0.41270700193897175
121,HLM,PhysChem,random-forest,0,RMSE,0.49846535648445733
122,HLM,PhysChem,random-forest,0,R2,0.2667953502846704
123,HLM,PhysChem,random-forest,1,MAE,0.39867836097577725
124,HLM,PhysChem,random-forest,1,RMSE,0.4796345759707719
125,HLM,PhysChem,random-forest,1,R2,0.1623556921114826
126,HLM,PhysChem,random-forest,2,MAE,0.3731099944922506
127,HLM,PhysChem,random-forest,2,RMSE,0.469067945941382
128,HLM,PhysChem,random-forest,2,R2,0.10570860639948498
129,HLM,PhysChem,random-forest,3,MAE,0.36719794162609704
130,HLM,PhysChem,random-forest,3,RMSE,0.4555005550833685
131,HLM,PhysChem,random-forest,3,R2,0.22499733856588489
132,HLM,PhysChem,random-forest,4,MAE,0.4146976325066194
133,HLM,PhysChem,random-forest,4,RMSE,0.4988369480770809
134,HLM,PhysChem,random-forest,4,R2,0.20913317598877978
135,HLM,MolBERT,linear,0,MAE,0.5024446316668565
136,HLM,MolBERT,linear,0,RMSE,0.6428682078355867
137,HLM,MolBERT,linear,0,R2,-0.21954870110988334
138,HLM,MolBERT,linear,1,MAE,0.4678747850749606
139,HLM,MolBERT,linear,1,RMSE,0.5941787141288326
140,HLM,MolBERT,linear,1,R2,-0.28550229020186424
141,HLM,MolBERT,linear,2,MAE,0.4879318314593236
142,HLM,MolBERT,linear,2,RMSE,0.609399437499
143,HLM,MolBERT,linear,2,R2,-0.5094253412325804
144,HLM,MolBERT,linear,3,MAE,0.460189413880984
145,HLM,MolBERT,linear,3,RMSE,0.5653642234881001
146,HLM,MolBERT,linear,3,R2,-0.19393866871598364
147,HLM,MolBERT,linear,4,MAE,0.4954235549378709
148,HLM,MolBERT,linear,4,RMSE,0.6131355464226517
149,HLM,MolBERT,linear,4,R2,-0.19481074813251298
150,HLM,MolBERT,svm,0,MAE,0.3758030480392983
151,HLM,MolBERT,svm,0,RMSE,0.4596610582871479
152,HLM,MolBERT,svm,0,R2,0.37650830139781555
153,HLM,MolBERT,svm,1,MAE,0.3801423346531423
154,HLM,MolBERT,svm,1,RMSE,0.4714275403407075
155,HLM,MolBERT,svm,1,R2,0.19077633366084001
156,HLM,MolBERT,svm,2,MAE,0.36107029481554287
157,HLM,MolBERT,svm,2,RMSE,0.4436680734198647
158,HLM,MolBERT,svm,2,R2,0.1999375376446899
159,HLM,MolBERT,svm,3,MAE,0.35077970457053165
160,HLM,MolBERT,svm,3,RMSE,0.4500425092707446
161,HLM,MolBERT,svm,3,R2,0.24345903723149953
162,HLM,MolBERT,svm,4,MAE,0.38317267050913023
163,HLM,MolBERT,svm,4,RMSE,0.4685825886124004
164,HLM,MolBERT,svm,4,R2,0.3021558772904738
165,HLM,MolBERT,random-forest,0,MAE,0.4322313845839718
166,HLM,MolBERT,random-forest,0,RMSE,0.5174475728754994
167,HLM,MolBERT,random-forest,0,R2,0.20988927190140705
168,HLM,MolBERT,random-forest,1,MAE,0.4120136706560362
169,HLM,MolBERT,random-forest,1,RMSE,0.48857269787262564
170,HLM,MolBERT,random-forest,1,R2,0.13084533754469285
171,HLM,MolBERT,random-forest,2,MAE,0.3739717122192072
172,HLM,MolBERT,random-forest,2,RMSE,0.45724926406469363
173,HLM,MolBERT,random-forest,2,R2,0.1502061784235197
174,HLM,MolBERT,random-forest,3,MAE,0.3794221614500693
175,HLM,MolBERT,random-forest,3,RMSE,0.4583043977112225
176,HLM,MolBERT,random-forest,3,R2,0.21542688512955988
177,HLM,MolBERT,random-forest,4,MAE,0.4240826537395982
178,HLM,MolBERT,random-forest,4,RMSE,0.506039494262242
179,HLM,MolBERT,random-forest,4,R2,0.1861301564904838
180,Permeability,ECFP4,linear,0,MAE,2.8035296615009213
181,Permeability,ECFP4,linear,0,RMSE,3.508748842220918
182,Permeability,ECFP4,linear,0,R2,-25.282614972701072
183,Permeability,ECFP4,linear,1,MAE,2.4812354058042074
184,Permeability,ECFP4,linear,1,RMSE,3.0946318316461094
185,Permeability,ECFP4,linear,1,R2,-19.264187862081382
186,Permeability,ECFP4,linear,2,MAE,2.1621501250015163
187,Permeability,ECFP4,linear,2,RMSE,2.758832157453372
188,Permeability,ECFP4,linear,2,R2,-13.603070097218064
189,Permeability,ECFP4,linear,3,MAE,2.084751212979213
190,Permeability,ECFP4,linear,3,RMSE,2.639803126899474
191,Permeability,ECFP4,linear,3,R2,-15.041858959538214
192,Permeability,ECFP4,linear,4,MAE,2.136492430111793
193,Permeability,ECFP4,linear,4,RMSE,2.659474184462491
194,Permeability,ECFP4,linear,4,R2,-14.31864933112083
195,Permeability,ECFP4,svm,0,MAE,0.4173918201501663
196,Permeability,ECFP4,svm,0,RMSE,0.5213845695980899
197,Permeability,ECFP4,svm,0,R2,0.4196628717388742
198,Permeability,ECFP4,svm,1,MAE,0.3823250140347344
199,Permeability,ECFP4,svm,1,RMSE,0.4870198961409458
200,Permeability,ECFP4,svm,1,R2,0.4981145173404128
201,Permeability,ECFP4,svm,2,MAE,0.4443312990272341
202,Permeability,ECFP4,svm,2,RMSE,0.5542953030978848
203,Permeability,ECFP4,svm,2,R2,0.4105105895300445
204,Permeability,ECFP4,svm,3,MAE,0.3944146766022581
205,Permeability,ECFP4,svm,3,RMSE,0.49859996475491725
206,Permeability,ECFP4,svm,3,R2,0.4277100718792316
207,Permeability,ECFP4,svm,4,MAE,0.41813522951915044
208,Permeability,ECFP4,svm,4,RMSE,0.5279073077001849
209,Permeability,ECFP4,svm,4,R2,0.39640690291112923
210,Permeability,ECFP4,random-forest,0,MAE,0.4799932322812946
211,Permeability,ECFP4,random-forest,0,RMSE,0.5961574415852589
212,Permeability,ECFP4,random-forest,0,R2,0.24127228721259142
213,Permeability,ECFP4,random-forest,1,MAE,0.4387559746953777
214,Permeability,ECFP4,random-forest,1,RMSE,0.5555076222838292
215,Permeability,ECFP4,random-forest,1,R2,0.3470329432522907
216,Permeability,ECFP4,random-forest,2,MAE,0.49038968629757757
217,Permeability,ECFP4,random-forest,2,RMSE,0.6210542135553351
218,Permeability,ECFP4,random-forest,2,R2,0.25996435965003073
219,Permeability,ECFP4,random-forest,3,MAE,0.43840335356417626
220,Permeability,ECFP4,random-forest,3,RMSE,0.5594735852556912
221,Permeability,ECFP4,random-forest,3,R2,0.27943893888223637
222,Permeability,ECFP4,random-forest,4,MAE,0.46716379925708734
223,Permeability,ECFP4,random-forest,4,RMSE,0.576480801549569
224,Permeability,ECFP4,random-forest,4,R2,0.28022192449063144
225,Permeability,MolFormer,linear,0,MAE,0.47963687619018186
226,Permeability,MolFormer,linear,0,RMSE,0.6056444108436883
227,Permeability,MolFormer,linear,0,R2,0.21693207442511686
228,Permeability,MolFormer,linear,1,MAE,0.451138145822328
229,Permeability,MolFormer,linear,1,RMSE,0.5692929467094329
230,Permeability,MolFormer,linear,1,R2,0.31422313102966026
231,Permeability,MolFormer,linear,2,MAE,0.49426602079270654
232,Permeability,MolFormer,linear,2,RMSE,0.6060456960701588
233,Permeability,MolFormer,linear,2,R2,0.2952998669260236
234,Permeability,MolFormer,linear,3,MAE,0.45635404175755306
235,Permeability,MolFormer,linear,3,RMSE,0.5769798298481873
236,Permeability,MolFormer,linear,3,R2,0.2336399124797658
237,Permeability,MolFormer,linear,4,MAE,0.48655197027419966
238,Permeability,MolFormer,linear,4,RMSE,0.6210767190346065
239,Permeability,MolFormer,linear,4,R2,0.16455201326251467
240,Permeability,MolFormer,svm,0,MAE,0.3880008440558277
241,Permeability,MolFormer,svm,0,RMSE,0.49370600009796956
242,Permeability,MolFormer,svm,0,R2,0.4796436977549208
243,Permeability,MolFormer,svm,1,MAE,0.3679154036136998
244,Permeability,MolFormer,svm,1,RMSE,0.47366228333890237
245,Permeability,MolFormer,svm,1,R2,0.5252676418604859
246,Permeability,MolFormer,svm,2,MAE,0.4114970516278227
247,Permeability,MolFormer,svm,2,RMSE,0.5225192823425536
248,Permeability,MolFormer,svm,2,R2,0.476160486779028
249,Permeability,MolFormer,svm,3,MAE,0.3845762445636728
250,Permeability,MolFormer,svm,3,RMSE,0.4971647610848438
251,Permeability,MolFormer,svm,3,R2,0.4309999657615956
252,Permeability,MolFormer,svm,4,MAE,0.4002133907457276
253,Permeability,MolFormer,svm,4,RMSE,0.5189445030367815
254,Permeability,MolFormer,svm,4,R2,0.4167285103028663
255,Permeability,MolFormer,random-forest,0,MAE,0.4856478252867168
256,Permeability,MolFormer,random-forest,0,RMSE,0.5851380831408046
257,Permeability,MolFormer,random-forest,0,R2,0.2690616684732646
258,Permeability,MolFormer,random-forest,1,MAE,0.47099542781420856
259,Permeability,MolFormer,random-forest,1,RMSE,0.5648803441066751
260,Permeability,MolFormer,random-forest,1,R2,0.32481287496116673
261,Permeability,MolFormer,random-forest,2,MAE,0.5050261191700388
262,Permeability,MolFormer,random-forest,2,RMSE,0.6155564992913803
263,Permeability,MolFormer,random-forest,2,R2,0.2730082992616303
264,Permeability,MolFormer,random-forest,3,MAE,0.4654432326443295
265,Permeability,MolFormer,random-forest,3,RMSE,0.5549619133729635
266,Permeability,MolFormer,random-forest,3,R2,0.2910134874254645
267,Permeability,MolFormer,random-forest,4,MAE,0.48481722804314564
268,Permeability,MolFormer,random-forest,4,RMSE,0.5903678978276328
269,Permeability,MolFormer,random-forest,4,R2,0.2451261436409916
270,Permeability,PhysChem,linear,0,MAE,0.384135094701284
271,Permeability,PhysChem,linear,0,RMSE,0.49260531064173596
272,Permeability,PhysChem,linear,0,R2,0.48196132094644495
273,Permeability,PhysChem,linear,1,MAE,0.37226180960834965
274,Permeability,PhysChem,linear,1,RMSE,0.49970803052570995
275,Permeability,PhysChem,linear,1,R2,0.4716230254986905
276,Permeability,PhysChem,linear,2,MAE,0.41581280212812977
277,Permeability,PhysChem,linear,2,RMSE,0.5701505945509788
278,Permeability,PhysChem,linear,2,R2,0.3763042655485074
279,Permeability,PhysChem,linear,3,MAE,0.38282001338004634
280,Permeability,PhysChem,linear,3,RMSE,0.5158789012554154
281,Permeability,PhysChem,linear,3,R2,0.3873574620260213
282,Permeability,PhysChem,linear,4,MAE,0.4246133615048765
283,Permeability,PhysChem,linear,4,RMSE,0.5647509514660849
284,Permeability,PhysChem,linear,4,R2,0.30921506263750176
285,Permeability,PhysChem,svm,0,MAE,0.37224612586226336
286,Permeability,PhysChem,svm,0,RMSE,0.47547219327189405
287,Permeability,PhysChem,svm,0,R2,0.5173700653066515
288,Permeability,PhysChem,svm,1,MAE,0.35525894180916284
289,Permeability,PhysChem,svm,1,RMSE,0.4581920681577113
290,Permeability,PhysChem,svm,1,R2,0.5557715594006394
291,Permeability,PhysChem,svm,2,MAE,0.37935843886970294
292,Permeability,PhysChem,svm,2,RMSE,0.5014494364072771
293,Permeability,PhysChem,svm,2,R2,0.5175548932948387
294,Permeability,PhysChem,svm,3,MAE,0.3686232989299185
295,Permeability,PhysChem,svm,3,RMSE,0.4827313295844555
296,Permeability,PhysChem,svm,3,R2,0.4635582294552594
297,Permeability,PhysChem,svm,4,MAE,0.37792556122747656
298,Permeability,PhysChem,svm,4,RMSE,0.5016153760457822
299,Permeability,PhysChem,svm,4,R2,0.45503250706389453
300,Permeability,PhysChem,random-forest,0,MAE,0.400646548893227
301,Permeability,PhysChem,random-forest,0,RMSE,0.5070913297574403
302,Permeability,PhysChem,random-forest,0,R2,0.4510454635923056
303,Permeability,PhysChem,random-forest,1,MAE,0.3715228328057194
304,Permeability,PhysChem,random-forest,1,RMSE,0.48692550764732345
305,Permeability,PhysChem,random-forest,1,R2,0.4983090376238366
306,Permeability,PhysChem,random-forest,2,MAE,0.4170724775006202
307,Permeability,PhysChem,random-forest,2,RMSE,0.5276313282682668
308,Permeability,PhysChem,random-forest,2,R2,0.4658604222199726
309,Permeability,PhysChem,random-forest,3,MAE,0.3695408854434483
310,Permeability,PhysChem,random-forest,3,RMSE,0.4820423035919425
311,Permeability,PhysChem,random-forest,3,R2,0.4650885156030421
312,Permeability,PhysChem,random-forest,4,MAE,0.3994456123720195
313,Permeability,PhysChem,random-forest,4,RMSE,0.5145400418742305
314,Permeability,PhysChem,random-forest,4,R2,0.42658734733834947
315,Permeability,MolBERT,linear,0,MAE,0.40872376181284986
316,Permeability,MolBERT,linear,0,RMSE,0.5158103112108096
317,Permeability,MolBERT,linear,0,R2,0.4320056085595526
318,Permeability,MolBERT,linear,1,MAE,0.4293430497125153
319,Permeability,MolBERT,linear,1,RMSE,0.543747887157564
320,Permeability,MolBERT,linear,1,R2,0.37438609765779396
321,Permeability,MolBERT,linear,2,MAE,0.43388815911014905
322,Permeability,MolBERT,linear,2,RMSE,0.5744494214089126
323,Permeability,MolBERT,linear,2,R2,0.36686371521722205
324,Permeability,MolBERT,linear,3,MAE,0.4570377304385335
325,Permeability,MolBERT,linear,3,RMSE,0.5824381130527636
326,Permeability,MolBERT,linear,3,R2,0.2190716519898359
327,Permeability,MolBERT,linear,4,MAE,0.4567093904513066
328,Permeability,MolBERT,linear,4,RMSE,0.6098377730700433
329,Permeability,MolBERT,linear,4,R2,0.19451481252180047
330,Permeability,MolBERT,svm,0,MAE,0.34029357001219634
331,Permeability,MolBERT,svm,0,RMSE,0.4402302913358015
332,Permeability,MolBERT,svm,0,R2,0.5862634844660342
333,Permeability,MolBERT,svm,1,MAE,0.34031182029879925
334,Permeability,MolBERT,svm,1,RMSE,0.43775980054257013
335,Permeability,MolBERT,svm,1,R2,0.5945073544256849
336,Permeability,MolBERT,svm,2,MAE,0.37336857913602367
337,Permeability,MolBERT,svm,2,RMSE,0.4866194482092475
338,Permeability,MolBERT,svm,2,R2,0.5456688284813772
339,Permeability,MolBERT,svm,3,MAE,0.34101208830826785
340,Permeability,MolBERT,svm,3,RMSE,0.4538589580881491
341,Permeability,MolBERT,svm,3,R2,0.5258088554042359
342,Permeability,MolBERT,svm,4,MAE,0.3614971665576691
343,Permeability,MolBERT,svm,4,RMSE,0.4854982145845579
344,Permeability,MolBERT,svm,4,R2,0.4894900736959179
345,Permeability,MolBERT,random-forest,0,MAE,0.4149721422477486
346,Permeability,MolBERT,random-forest,0,RMSE,0.5208324503332062
347,Permeability,MolBERT,random-forest,0,R2,0.420891314910009
348,Permeability,MolBERT,random-forest,1,MAE,0.3827298934778058
349,Permeability,MolBERT,random-forest,1,RMSE,0.49021830778847614
350,Permeability,MolBERT,random-forest,1,R2,0.4915007940394134
351,Permeability,MolBERT,random-forest,2,MAE,0.4277392963005039
352,Permeability,MolBERT,random-forest,2,RMSE,0.5366731909741778
353,Permeability,MolBERT,random-forest,2,R2,0.4473967779025054
354,Permeability,MolBERT,random-forest,3,MAE,0.38007833479337166
355,Permeability,MolBERT,random-forest,3,RMSE,0.4852526823946351
356,Permeability,MolBERT,random-forest,3,R2,0.45793981956039165
357,Permeability,MolBERT,random-forest,4,MAE,0.40524383652339807
358,Permeability,MolBERT,random-forest,4,RMSE,0.514624461173986
359,Permeability,MolBERT,random-forest,4,R2,0.4263991751391646
360,hPPB,ECFP4,linear,0,MAE,0.7129940024117574
361,hPPB,ECFP4,linear,0,RMSE,0.8837328228220628
362,hPPB,ECFP4,linear,0,R2,0.06742021311405644
363,hPPB,ECFP4,linear,1,MAE,0.6550492523581019
364,hPPB,ECFP4,linear,1,RMSE,0.7898209052294589
365,hPPB,ECFP4,linear,1,R2,0.034136901431968014
366,hPPB,ECFP4,linear,2,MAE,0.6088805509269537
367,hPPB,ECFP4,linear,2,RMSE,0.792978766252448
368,hPPB,ECFP4,linear,2,R2,-0.06600457465363707
369,hPPB,ECFP4,svm,0,MAE,0.6707878622020793
370,hPPB,ECFP4,svm,0,RMSE,0.8132076098047227
371,hPPB,ECFP4,svm,0,R2,0.21032771627371538
372,hPPB,ECFP4,svm,1,MAE,0.6109636603316311
373,hPPB,ECFP4,svm,1,RMSE,0.7274334515993417
374,hPPB,ECFP4,svm,1,R2,0.180696402553977
375,hPPB,ECFP4,svm,2,MAE,0.5738172472371396
376,hPPB,ECFP4,svm,2,RMSE,0.7353269324697548
377,hPPB,ECFP4,svm,2,R2,0.08336402525507025
378,hPPB,ECFP4,random-forest,0,MAE,0.6774982339166152
379,hPPB,ECFP4,random-forest,0,RMSE,0.8563346964946449
380,hPPB,ECFP4,random-forest,0,R2,0.12434887704456321
381,hPPB,ECFP4,random-forest,1,MAE,0.6194323176637312
382,hPPB,ECFP4,random-forest,1,RMSE,0.7661887842595989
383,hPPB,ECFP4,random-forest,1,R2,0.09107111456913708
384,hPPB,ECFP4,random-forest,2,MAE,0.6551723520525808
385,hPPB,ECFP4,random-forest,2,RMSE,0.8546687012170155
386,hPPB,ECFP4,random-forest,2,R2,-0.23831619223739553
387,hPPB,MolFormer,linear,0,MAE,0.6365845010939475
388,hPPB,MolFormer,linear,0,RMSE,0.8295061961072173
389,hPPB,MolFormer,linear,0,R2,0.17835674202008622
390,hPPB,MolFormer,linear,1,MAE,0.5844357154090003
391,hPPB,MolFormer,linear,1,RMSE,0.7780215289850099
392,hPPB,MolFormer,linear,1,R2,0.06277998624184733
393,hPPB,MolFormer,linear,2,MAE,0.5654061384055737
394,hPPB,MolFormer,linear,2,RMSE,0.761074784024952
395,hPPB,MolFormer,linear,2,R2,0.018047188177069073
396,hPPB,MolFormer,svm,0,MAE,0.5318338717385247
397,hPPB,MolFormer,svm,0,RMSE,0.6962184475519755
398,hPPB,MolFormer,svm,0,R2,0.4211912601588482
399,hPPB,MolFormer,svm,1,MAE,0.4786381685420516
400,hPPB,MolFormer,svm,1,RMSE,0.6275324868907101
401,hPPB,MolFormer,svm,1,R2,0.3902795628091865
402,hPPB,MolFormer,svm,2,MAE,0.46842489176784124
403,hPPB,MolFormer,svm,2,RMSE,0.630343599427694
404,hPPB,MolFormer,svm,2,R2,0.3264177310273696
405,hPPB,MolFormer,random-forest,0,MAE,0.6240299572058461
406,hPPB,MolFormer,random-forest,0,RMSE,0.7895786662073958
407,hPPB,MolFormer,random-forest,0,R2,0.255551193061905
408,hPPB,MolFormer,random-forest,1,MAE,0.5704924396967163
409,hPPB,MolFormer,random-forest,1,RMSE,0.7003821600022262
410,hPPB,MolFormer,random-forest,1,R2,0.240498780964448
411,hPPB,MolFormer,random-forest,2,MAE,0.5449976772432259
412,hPPB,MolFormer,random-forest,2,RMSE,0.7131103073462806
413,hPPB,MolFormer,random-forest,2,R2,0.13791640755300172
414,hPPB,PhysChem,linear,0,MAE,1.7975062830699884
415,hPPB,PhysChem,linear,0,RMSE,2.5460707921168058
416,hPPB,PhysChem,linear,0,R2,-6.7407844955963645
417,hPPB,PhysChem,linear,1,MAE,2.1481248420868626
418,hPPB,PhysChem,linear,1,RMSE,2.6472194820834414
419,hPPB,PhysChem,linear,1,R2,-9.850212037391323
420,hPPB,PhysChem,linear,2,MAE,2.2608694204431936
421,hPPB,PhysChem,linear,2,RMSE,5.996445183243415
422,hPPB,PhysChem,linear,2,R2,-59.957014406133354
423,hPPB,PhysChem,svm,0,MAE,0.5417807670348471
424,hPPB,PhysChem,svm,0,RMSE,0.7009098711189237
425,hPPB,PhysChem,svm,0,R2,0.4133644469747222
426,hPPB,PhysChem,svm,1,MAE,0.5042302489727769
427,hPPB,PhysChem,svm,1,RMSE,0.6644253357868953
428,hPPB,PhysChem,svm,1,R2,0.3164808386633813
429,hPPB,PhysChem,svm,2,MAE,0.529659339828916
430,hPPB,PhysChem,svm,2,RMSE,0.6625282561369793
431,hPPB,PhysChem,svm,2,R2,0.2558769417806275
432,hPPB,PhysChem,random-forest,0,MAE,0.5327157851256924
433,hPPB,PhysChem,random-forest,0,RMSE,0.6789852354936555
434,hPPB,PhysChem,random-forest,0,R2,0.44949066396158255
435,hPPB,PhysChem,random-forest,1,MAE,0.5682792190874625
436,hPPB,PhysChem,random-forest,1,RMSE,0.7057834164002189
437,hPPB,PhysChem,random-forest,1,R2,0.2287392613606697
438,hPPB,PhysChem,random-forest,2,MAE,0.45007133856177417
439,hPPB,PhysChem,random-forest,2,RMSE,0.6242792755575053
440,hPPB,PhysChem,random-forest,2,R2,0.3393160033060766
441,hPPB,MolBERT,linear,0,MAE,0.4981967242339304
442,hPPB,MolBERT,linear,0,RMSE,0.6498178389860441
443,hPPB,MolBERT,linear,0,R2,0.49577161950271875
444,hPPB,MolBERT,linear,1,MAE,0.5724425278325106
445,hPPB,MolBERT,linear,1,RMSE,0.8120033398861622
446,hPPB,MolBERT,linear,1,R2,-0.020878260854477526
447,hPPB,MolBERT,linear,2,MAE,0.6204394470929022
448,hPPB,MolBERT,linear,2,RMSE,0.8465696414588673
449,hPPB,MolBERT,linear,2,R2,-0.21495818882442896
450,hPPB,MolBERT,svm,0,MAE,0.5219928627089092
451,hPPB,MolBERT,svm,0,RMSE,0.6660301309256468
452,hPPB,MolBERT,svm,0,R2,0.47029779470122335
453,hPPB,MolBERT,svm,1,MAE,0.5112935838312976
454,hPPB,MolBERT,svm,1,RMSE,0.6517909717826067
455,hPPB,MolBERT,svm,1,R2,0.34222857048416366
456,hPPB,MolBERT,svm,2,MAE,0.48056258197772567
457,hPPB,MolBERT,svm,2,RMSE,0.6485763645843422
458,hPPB,MolBERT,svm,2,R2,0.28688727205386355
459,hPPB,MolBERT,random-forest,0,MAE,0.6067233385764615
460,hPPB,MolBERT,random-forest,0,RMSE,0.7312800609134679
461,hPPB,MolBERT,random-forest,0,R2,0.36142561848982546
462,hPPB,MolBERT,random-forest,1,MAE,0.5542958037041792
463,hPPB,MolBERT,random-forest,1,RMSE,0.6689003676151147
464,hPPB,MolBERT,random-forest,1,R2,0.3072425675210003
465,hPPB,MolBERT,random-forest,2,MAE,0.5469662422332258
466,hPPB,MolBERT,random-forest,2,RMSE,0.7084816164543642
467,hPPB,MolBERT,random-forest,2,R2,0.14907139481187448
468,Solubility,ECFP4,linear,0,MAE,1.1617991765091014
469,Solubility,ECFP4,linear,0,RMSE,1.5033410136888328
470,Solubility,ECFP4,linear,0,R2,-3.830178329698464
471,Solubility,ECFP4,linear,1,MAE,1.0144774924229842
472,Solubility,ECFP4,linear,1,RMSE,1.2787076988759498
473,Solubility,ECFP4,linear,1,R2,-2.9609743374925084
474,Solubility,ECFP4,linear,2,MAE,1.061236908220511
475,Solubility,ECFP4,linear,2,RMSE,1.3536107385419243
476,Solubility,ECFP4,linear,2,R2,-2.7390510250949105
477,Solubility,ECFP4,linear,3,MAE,1.1097338774434478
478,Solubility,ECFP4,linear,3,RMSE,1.4267632077585846
479,Solubility,ECFP4,linear,3,R2,-2.8769096501104934
480,Solubility,ECFP4,linear,4,MAE,1.0717897762990756
481,Solubility,ECFP4,linear,4,RMSE,1.3727330350599185
482,Solubility,ECFP4,linear,4,R2,-3.2484318113554203
483,Solubility,ECFP4,svm,0,MAE,0.4565649248344459
484,Solubility,ECFP4,svm,0,RMSE,0.5944356133762156
485,Solubility,ECFP4,svm,0,R2,0.24480728018420772
486,Solubility,ECFP4,svm,1,MAE,0.4158013414471296
487,Solubility,ECFP4,svm,1,RMSE,0.5515715869915083
488,Solubility,ECFP4,svm,1,R2,0.26300720624429275
489,Solubility,ECFP4,svm,2,MAE,0.41663097985288394
490,Solubility,ECFP4,svm,2,RMSE,0.5668207496688088
491,Solubility,ECFP4,svm,2,R2,0.3443602290183768
492,Solubility,ECFP4,svm,3,MAE,0.45516354267273174
493,Solubility,ECFP4,svm,3,RMSE,0.6023452678422917
494,Solubility,ECFP4,svm,3,R2,0.30900821774596143
495,Solubility,ECFP4,svm,4,MAE,0.4455191843175505
496,Solubility,ECFP4,svm,4,RMSE,0.5858968885276568
497,Solubility,ECFP4,svm,4,R2,0.22607501930843943
498,Solubility,ECFP4,random-forest,0,MAE,0.4841341775785336
499,Solubility,ECFP4,random-forest,0,RMSE,0.6415104707648182
500,Solubility,ECFP4,random-forest,0,R2,0.12045988498002236
501,Solubility,ECFP4,random-forest,1,MAE,0.4493136217338854
502,Solubility,ECFP4,random-forest,1,RMSE,0.5990363857260417
503,Solubility,ECFP4,random-forest,1,R2,0.13070761836029288
504,Solubility,ECFP4,random-forest,2,MAE,0.44586570757636573
505,Solubility,ECFP4,random-forest,2,RMSE,0.6215888663319101
506,Solubility,ECFP4,random-forest,2,R2,0.211538914593411
507,Solubility,ECFP4,random-forest,3,MAE,0.48900806853202333
508,Solubility,ECFP4,random-forest,3,RMSE,0.6634206398658568
509,Solubility,ECFP4,random-forest,3,R2,0.1617764955571841
510,Solubility,ECFP4,random-forest,4,MAE,0.452659917846115
511,Solubility,ECFP4,random-forest,4,RMSE,0.6155699668462681
512,Solubility,ECFP4,random-forest,4,R2,0.14569818835866755
513,Solubility,MolFormer,linear,0,MAE,0.6017188722420668
514,Solubility,MolFormer,linear,0,RMSE,0.7621889585701889
515,Solubility,MolFormer,linear,0,R2,-0.24157643036350862
516,Solubility,MolFormer,linear,1,MAE,0.6002373489257484
517,Solubility,MolFormer,linear,1,RMSE,0.765118969769307
518,Solubility,MolFormer,linear,1,R2,-0.41813445253960113
519,Solubility,MolFormer,linear,2,MAE,0.6314284144603746
520,Solubility,MolFormer,linear,2,RMSE,0.8067325670188359
521,Solubility,MolFormer,linear,2,R2,-0.32810676338467437
522,Solubility,MolFormer,linear,3,MAE,0.590407846052555
523,Solubility,MolFormer,linear,3,RMSE,0.7498258882597657
524,Solubility,MolFormer,linear,3,R2,-0.07078613285494129
525,Solubility,MolFormer,linear,4,MAE,0.6082839703829748
526,Solubility,MolFormer,linear,4,RMSE,0.7864200359379206
527,Solubility,MolFormer,linear,4,R2,-0.39433015866455046
528,Solubility,MolFormer,svm,0,MAE,0.44614405135444063
529,Solubility,MolFormer,svm,0,RMSE,0.6068437619592802
530,Solubility,MolFormer,svm,0,R2,0.21295069947436795
531,Solubility,MolFormer,svm,1,MAE,0.403648796452692
532,Solubility,MolFormer,svm,1,RMSE,0.552694340377735
533,Solubility,MolFormer,svm,1,R2,0.2600037762453308
534,Solubility,MolFormer,svm,2,MAE,0.4196486672048523
535,Solubility,MolFormer,svm,2,RMSE,0.5791762853926181
536,Solubility,MolFormer,svm,2,R2,0.3154654828016953
537,Solubility,MolFormer,svm,3,MAE,0.4499924891671419
538,Solubility,MolFormer,svm,3,RMSE,0.5982042960387675
539,Solubility,MolFormer,svm,3,R2,0.31847634845016026
540,Solubility,MolFormer,svm,4,MAE,0.44558123535943595
541,Solubility,MolFormer,svm,4,RMSE,0.5917742397799299
542,Solubility,MolFormer,svm,4,R2,0.21047007739882895
543,Solubility,MolFormer,random-forest,0,MAE,0.4734560265924038
544,Solubility,MolFormer,random-forest,0,RMSE,0.6252649896983095
545,Solubility,MolFormer,random-forest,0,R2,0.1644424315743237
546,Solubility,MolFormer,random-forest,1,MAE,0.43618118711774945
547,Solubility,MolFormer,random-forest,1,RMSE,0.5896083100014474
548,Solubility,MolFormer,random-forest,1,R2,0.15785541500807998
549,Solubility,MolFormer,random-forest,2,MAE,0.44315926738042755
550,Solubility,MolFormer,random-forest,2,RMSE,0.6017396995247082
551,Solubility,MolFormer,random-forest,2,R2,0.26109068869386676
552,Solubility,MolFormer,random-forest,3,MAE,0.49212439190730234
553,Solubility,MolFormer,random-forest,3,RMSE,0.6378298962878836
554,Solubility,MolFormer,random-forest,3,R2,0.22519641755533715
555,Solubility,MolFormer,random-forest,4,MAE,0.44152325934273556
556,Solubility,MolFormer,random-forest,4,RMSE,0.5987765736854286
557,Solubility,MolFormer,random-forest,4,R2,0.1916748651676261
558,Solubility,PhysChem,linear,0,MAE,0.4346715537039777
559,Solubility,PhysChem,linear,0,RMSE,0.5848744682702429
560,Solubility,PhysChem,linear,0,R2,0.26890556172462143
561,Solubility,PhysChem,linear,1,MAE,0.7019261094216694
562,Solubility,PhysChem,linear,1,RMSE,5.347821728881096
563,Solubility,PhysChem,linear,1,R2,-68.28086664617358
564,Solubility,PhysChem,linear,2,MAE,0.4092423647296385
565,Solubility,PhysChem,linear,2,RMSE,0.5783998938451516
566,Solubility,PhysChem,linear,2,R2,0.317299503317498
567,Solubility,PhysChem,linear,3,MAE,0.47465039973675766
568,Solubility,PhysChem,linear,3,RMSE,0.6359991096066485
569,Solubility,PhysChem,linear,3,R2,0.2296379286886442
570,Solubility,PhysChem,linear,4,MAE,0.4709251229837736
571,Solubility,PhysChem,linear,4,RMSE,0.6351181393223373
572,Solubility,PhysChem,linear,4,R2,0.09057787679411322
573,Solubility,PhysChem,svm,0,MAE,0.42187036609657663
574,Solubility,PhysChem,svm,0,RMSE,0.5826455681756127
575,Solubility,PhysChem,svm,0,R2,0.27446720459971496
576,Solubility,PhysChem,svm,1,MAE,0.40662126390630793
577,Solubility,PhysChem,svm,1,RMSE,0.5539202843048358
578,Solubility,PhysChem,svm,1,R2,0.25671733039648337
579,Solubility,PhysChem,svm,2,MAE,0.3760328791380551
580,Solubility,PhysChem,svm,2,RMSE,0.5454373614797627
581,Solubility,PhysChem,svm,2,R2,0.39289532706494523
582,Solubility,PhysChem,svm,3,MAE,0.42569866781528903
583,Solubility,PhysChem,svm,3,RMSE,0.5751153227064827
584,Solubility,PhysChem,svm,3,R2,0.3700707799521945
585,Solubility,PhysChem,svm,4,MAE,0.42984476890071177
586,Solubility,PhysChem,svm,4,RMSE,0.5881707982418294
587,Solubility,PhysChem,svm,4,R2,0.22005604022551406
588,Solubility,PhysChem,random-forest,0,MAE,0.44060621346754814
589,Solubility,PhysChem,random-forest,0,RMSE,0.5962415077809353
590,Solubility,PhysChem,random-forest,0,R2,0.2402117617295273
591,Solubility,PhysChem,random-forest,1,MAE,0.3810852217724417
592,Solubility,PhysChem,random-forest,1,RMSE,0.5476024533283665
593,Solubility,PhysChem,random-forest,1,R2,0.2735759083271466
594,Solubility,PhysChem,random-forest,2,MAE,0.3868523724717103
595,Solubility,PhysChem,random-forest,2,RMSE,0.5633301818033387
596,Solubility,PhysChem,random-forest,2,R2,0.3524104229573175
597,Solubility,PhysChem,random-forest,3,MAE,0.4432808087628838
598,Solubility,PhysChem,random-forest,3,RMSE,0.6064030764536854
599,Solubility,PhysChem,random-forest,3,R2,0.2996668745398393
600,Solubility,PhysChem,random-forest,4,MAE,0.4111176354377701
601,Solubility,PhysChem,random-forest,4,RMSE,0.5722410695032608
602,Solubility,PhysChem,random-forest,4,R2,0.2617311760489197
603,Solubility,MolBERT,linear,0,MAE,0.556593173762638
604,Solubility,MolBERT,linear,0,RMSE,0.7150982334882721
605,Solubility,MolBERT,linear,0,R2,-0.09289783021107101
606,Solubility,MolBERT,linear,1,MAE,0.5658839549093586
607,Solubility,MolBERT,linear,1,RMSE,0.7280080352778834
608,Solubility,MolBERT,linear,1,R2,-0.2839018194134262
609,Solubility,MolBERT,linear,2,MAE,0.5131472960691857
610,Solubility,MolBERT,linear,2,RMSE,0.683426987202027
611,Solubility,MolBERT,linear,2,R2,0.04685701001511955
612,Solubility,MolBERT,linear,3,MAE,0.6093043043365387
613,Solubility,MolBERT,linear,3,RMSE,0.7958240398652959
614,Solubility,MolBERT,linear,3,R2,-0.2061907255865587
615,Solubility,MolBERT,linear,4,MAE,0.5995768369425422
616,Solubility,MolBERT,linear,4,RMSE,0.7840942931860897
617,Solubility,MolBERT,linear,4,R2,-0.38609522583530076
618,Solubility,MolBERT,svm,0,MAE,0.4062081854095273
619,Solubility,MolBERT,svm,0,RMSE,0.541136668037413
620,Solubility,MolBERT,svm,0,R2,0.3741617832530496
621,Solubility,MolBERT,svm,1,MAE,0.4019928657098834
622,Solubility,MolBERT,svm,1,RMSE,0.5398164095869068
623,Solubility,MolBERT,svm,1,R2,0.29408626298711005
624,Solubility,MolBERT,svm,2,MAE,0.37611853854685723
625,Solubility,MolBERT,svm,2,RMSE,0.5351373570972805
626,Solubility,MolBERT,svm,2,R2,0.4156078836130377
627,Solubility,MolBERT,svm,3,MAE,0.40339267993633643
628,Solubility,MolBERT,svm,3,RMSE,0.5466006875206071
629,Solubility,MolBERT,svm,3,R2,0.4309869534787544
630,Solubility,MolBERT,svm,4,MAE,0.42875935381438723
631,Solubility,MolBERT,svm,4,RMSE,0.5739049708495729
632,Solubility,MolBERT,svm,4,R2,0.2574316160552609
633,Solubility,MolBERT,random-forest,0,MAE,0.43472248904805294
634,Solubility,MolBERT,random-forest,0,RMSE,0.5784338959209042
635,Solubility,MolBERT,random-forest,0,R2,0.2849183686510952
636,Solubility,MolBERT,random-forest,1,MAE,0.4135521352663482
637,Solubility,MolBERT,random-forest,1,RMSE,0.5805743082706286
638,Solubility,MolBERT,random-forest,1,R2,0.1834644539775645
639,Solubility,MolBERT,random-forest,2,MAE,0.3976245207783372
640,Solubility,MolBERT,random-forest,2,RMSE,0.5725208898768527
641,Solubility,MolBERT,random-forest,2,R2,0.3311072558786988
642,Solubility,MolBERT,random-forest,3,MAE,0.42932708883383724
643,Solubility,MolBERT,random-forest,3,RMSE,0.5946153676787497
644,Solubility,MolBERT,random-forest,3,R2,0.3266294238010836
645,Solubility,MolBERT,random-forest,4,MAE,0.4155255567807127
646,Solubility,MolBERT,random-forest,4,RMSE,0.5660909415120741
647,Solubility,MolBERT,random-forest,4,R2,0.27751490391910505
648,rPPB,ECFP4,linear,0,MAE,0.6434307534815125
649,rPPB,ECFP4,linear,0,RMSE,0.8102150142485081
650,rPPB,ECFP4,linear,0,R2,-0.14862033917478246
651,rPPB,ECFP4,linear,1,MAE,0.5378245167330709
652,rPPB,ECFP4,linear,1,RMSE,0.6430317461640218
653,rPPB,ECFP4,linear,1,R2,0.18534903633688993
654,rPPB,ECFP4,linear,2,MAE,0.5942703283667319
655,rPPB,ECFP4,linear,2,RMSE,0.729649417767535
656,rPPB,ECFP4,linear,2,R2,0.01211097824671059
657,rPPB,ECFP4,linear,3,MAE,0.878284892281249
658,rPPB,ECFP4,linear,3,RMSE,1.0359936561553997
659,rPPB,ECFP4,linear,3,R2,-0.009854218306387663
660,rPPB,ECFP4,linear,4,MAE,0.559925606463782
661,rPPB,ECFP4,linear,4,RMSE,0.6951250580469127
662,rPPB,ECFP4,linear,4,R2,-0.33788691130954973
663,rPPB,ECFP4,svm,0,MAE,0.5919800907082645
664,rPPB,ECFP4,svm,0,RMSE,0.7266244502100331
665,rPPB,ECFP4,svm,0,R2,0.07616174226224104
666,rPPB,ECFP4,svm,1,MAE,0.5095067013622108
667,rPPB,ECFP4,svm,1,RMSE,0.6195347878297705
668,rPPB,ECFP4,svm,1,R2,0.2437974417462344
669,rPPB,ECFP4,svm,2,MAE,0.5315770308012964
670,rPPB,ECFP4,svm,2,RMSE,0.6141509064124023
671,rPPB,ECFP4,svm,2,R2,0.3001098636150906
672,rPPB,ECFP4,svm,3,MAE,0.7869794635009352
673,rPPB,ECFP4,svm,3,RMSE,0.9519547069803774
674,rPPB,ECFP4,svm,3,R2,0.14733769662574248
675,rPPB,ECFP4,svm,4,MAE,0.49062206637531613
676,rPPB,ECFP4,svm,4,RMSE,0.5966066548417821
677,rPPB,ECFP4,svm,4,R2,0.014470331014032722
678,rPPB,ECFP4,random-forest,0,MAE,0.5527245290435896
679,rPPB,ECFP4,random-forest,0,RMSE,0.7594170944401258
680,rPPB,ECFP4,random-forest,0,R2,-0.009105715900197042
681,rPPB,ECFP4,random-forest,1,MAE,0.5309028882984846
682,rPPB,ECFP4,random-forest,1,RMSE,0.62240168509105
683,rPPB,ECFP4,random-forest,1,R2,0.23678259385729794
684,rPPB,ECFP4,random-forest,2,MAE,0.5277099251003123
685,rPPB,ECFP4,random-forest,2,RMSE,0.6354522709225342
686,rPPB,ECFP4,random-forest,2,R2,0.2507175666126943
687,rPPB,ECFP4,random-forest,3,MAE,0.8277672943725001
688,rPPB,ECFP4,random-forest,3,RMSE,0.9948960506498175
689,rPPB,ECFP4,random-forest,3,R2,0.0686779067251011
690,rPPB,ECFP4,random-forest,4,MAE,0.5853354048253125
691,rPPB,ECFP4,random-forest,4,RMSE,0.6863560506323539
692,rPPB,ECFP4,random-forest,4,R2,-0.30434491521403806
693,rPPB,MolFormer,linear,0,MAE,0.6142077699127907
694,rPPB,MolFormer,linear,0,RMSE,0.8076960664874517
695,rPPB,MolFormer,linear,0,R2,-0.14148935062876
696,rPPB,MolFormer,linear,1,MAE,0.7000426387538126
697,rPPB,MolFormer,linear,1,RMSE,0.8118882177112337
698,rPPB,MolFormer,linear,1,R2,-0.2986712452130911
699,rPPB,MolFormer,linear,2,MAE,0.655821620102892
700,rPPB,MolFormer,linear,2,RMSE,0.84346137927112
701,rPPB,MolFormer,linear,2,R2,-0.32010988230395476
702,rPPB,MolFormer,linear,3,MAE,0.5501371914790489
703,rPPB,MolFormer,linear,3,RMSE,0.7925329282652843
704,rPPB,MolFormer,linear,3,R2,0.4090113740381086
705,rPPB,MolFormer,linear,4,MAE,0.5281796785645068
706,rPPB,MolFormer,linear,4,RMSE,0.6476367019870123
707,rPPB,MolFormer,linear,4,R2,-0.16133207583077436
708,rPPB,MolFormer,svm,0,MAE,0.512567164885373
709,rPPB,MolFormer,svm,0,RMSE,0.694459076591116
710,rPPB,MolFormer,svm,0,R2,0.15614224578185687
711,rPPB,MolFormer,svm,1,MAE,0.5393613268076829
712,rPPB,MolFormer,svm,1,RMSE,0.6367736253830153
713,rPPB,MolFormer,svm,1,R2,0.2011285864223603
714,rPPB,MolFormer,svm,2,MAE,0.4253266236076373
715,rPPB,MolFormer,svm,2,RMSE,0.5434460978913122
716,rPPB,MolFormer,svm,2,R2,0.4519847700540358
717,rPPB,MolFormer,svm,3,MAE,0.5636585597558998
718,rPPB,MolFormer,svm,3,RMSE,0.7641770297708056
719,rPPB,MolFormer,svm,3,R2,0.45054459460181095
720,rPPB,MolFormer,svm,4,MAE,0.35076402613144975
721,rPPB,MolFormer,svm,4,RMSE,0.4704848273645897
722,rPPB,MolFormer,svm,4,R2,0.38710685885222706
723,rPPB,MolFormer,random-forest,0,MAE,0.5451980429123077
724,rPPB,MolFormer,random-forest,0,RMSE,0.7043616109634946
725,rPPB,MolFormer,random-forest,0,R2,0.13190494047097356
726,rPPB,MolFormer,random-forest,1,MAE,0.5540155192890908
727,rPPB,MolFormer,random-forest,1,RMSE,0.6615742497073354
728,rPPB,MolFormer,random-forest,1,R2,0.1376889869861856
729,rPPB,MolFormer,random-forest,2,MAE,0.5393094101090625
730,rPPB,MolFormer,random-forest,2,RMSE,0.6137601029208637
731,rPPB,MolFormer,random-forest,2,R2,0.30100030432474323
732,rPPB,MolFormer,random-forest,3,MAE,0.7430234658993751
733,rPPB,MolFormer,random-forest,3,RMSE,0.9171129932636456
734,rPPB,MolFormer,random-forest,3,R2,0.2086106807956467
735,rPPB,MolFormer,random-forest,4,MAE,0.45387710011406257
736,rPPB,MolFormer,random-forest,4,RMSE,0.5332373648958785
737,rPPB,MolFormer,random-forest,4,R2,0.21271012988784044
738,rPPB,PhysChem,linear,0,MAE,1.8045576387811952
739,rPPB,PhysChem,linear,0,RMSE,2.5014118336562867
740,rPPB,PhysChem,linear,0,R2,-9.94829090844902
741,rPPB,PhysChem,linear,1,MAE,2.1897426493635512
742,rPPB,PhysChem,linear,1,RMSE,2.6507816132182285
743,rPPB,PhysChem,linear,1,R2,-12.843778624069554
744,rPPB,PhysChem,linear,2,MAE,1.6685922129745592
745,rPPB,PhysChem,linear,2,RMSE,2.1940345511799335
746,rPPB,PhysChem,linear,2,R2,-7.932367930039122
747,rPPB,PhysChem,linear,3,MAE,2.251457388112556
748,rPPB,PhysChem,linear,3,RMSE,2.8106930641050867
749,rPPB,PhysChem,linear,3,R2,-6.433123280883781
750,rPPB,PhysChem,linear,4,MAE,2.45770370743352
751,rPPB,PhysChem,linear,4,RMSE,3.095158246106686
752,rPPB,PhysChem,linear,4,R2,-25.52523452796317
753,rPPB,PhysChem,svm,0,MAE,0.5803939607856663
754,rPPB,PhysChem,svm,0,RMSE,0.7439382997074044
755,rPPB,PhysChem,svm,0,R2,0.03161118637741378
756,rPPB,PhysChem,svm,1,MAE,0.4351070593892372
757,rPPB,PhysChem,svm,1,RMSE,0.560993341280822
758,rPPB,PhysChem,svm,1,R2,0.37995649912346563
759,rPPB,PhysChem,svm,2,MAE,0.40150717560678195
760,rPPB,PhysChem,svm,2,RMSE,0.48136853358676307
761,rPPB,PhysChem,svm,2,R2,0.5700330502718857
762,rPPB,PhysChem,svm,3,MAE,0.7085229058336122
763,rPPB,PhysChem,svm,3,RMSE,0.8719224727560372
764,rPPB,PhysChem,svm,3,R2,0.2846802200157251
765,rPPB,PhysChem,svm,4,MAE,0.41940132534040087
766,rPPB,PhysChem,svm,4,RMSE,0.5345681891981912
767,rPPB,PhysChem,svm,4,R2,0.20877547709518884
768,rPPB,PhysChem,random-forest,0,MAE,0.5318212117687179
769,rPPB,PhysChem,random-forest,0,RMSE,0.6933048008441393
770,rPPB,PhysChem,random-forest,0,R2,0.15894510366633896
771,rPPB,PhysChem,random-forest,1,MAE,0.4262355037512122
772,rPPB,PhysChem,random-forest,1,RMSE,0.5515686008306756
773,rPPB,PhysChem,random-forest,1,R2,0.4006150733793097
774,rPPB,PhysChem,random-forest,2,MAE,0.4156997960790624
775,rPPB,PhysChem,random-forest,2,RMSE,0.4924140873667669
776,rPPB,PhysChem,random-forest,2,R2,0.5500744907891584
777,rPPB,PhysChem,random-forest,3,MAE,0.6215276363025002
778,rPPB,PhysChem,random-forest,3,RMSE,0.7955461965620871
779,rPPB,PhysChem,random-forest,3,R2,0.40450886668052755
780,rPPB,PhysChem,random-forest,4,MAE,0.355145619506875
781,rPPB,PhysChem,random-forest,4,RMSE,0.5083596670301298
782,rPPB,PhysChem,random-forest,4,R2,0.2844570791246961
783,rPPB,MolBERT,linear,0,MAE,2.3871451568886686
784,rPPB,MolBERT,linear,0,RMSE,7.083980191208231
785,rPPB,MolBERT,linear,0,R2,-86.80729625828175
786,rPPB,MolBERT,linear,1,MAE,0.5035893670804915
787,rPPB,MolBERT,linear,1,RMSE,0.6346228162540173
788,rPPB,MolBERT,linear,1,R2,0.2065161152823617
789,rPPB,MolBERT,linear,2,MAE,0.46605848437243746
790,rPPB,MolBERT,linear,2,RMSE,0.5871194809419388
791,rPPB,MolBERT,linear,2,R2,0.36036435132455846
792,rPPB,MolBERT,linear,3,MAE,0.5361542887063595
793,rPPB,MolBERT,linear,3,RMSE,0.7813889989910359
794,rPPB,MolBERT,linear,3,R2,0.42551449279300324
795,rPPB,MolBERT,linear,4,MAE,0.4988294973988686
796,rPPB,MolBERT,linear,4,RMSE,0.6238203854735015
797,rPPB,MolBERT,linear,4,R2,-0.07748849527053814
798,rPPB,MolBERT,svm,0,MAE,0.524244130483848
799,rPPB,MolBERT,svm,0,RMSE,0.6731096222366395
800,rPPB,MolBERT,svm,0,R2,0.20722941754245772
801,rPPB,MolBERT,svm,1,MAE,0.5220757622365073
802,rPPB,MolBERT,svm,1,RMSE,0.6221684849207545
803,rPPB,MolBERT,svm,1,R2,0.23735440813834563
804,rPPB,MolBERT,svm,2,MAE,0.4049081513388545
805,rPPB,MolBERT,svm,2,RMSE,0.4926010243154361
806,rPPB,MolBERT,svm,2,R2,0.549732812234321
807,rPPB,MolBERT,svm,3,MAE,0.6458440730224286
808,rPPB,MolBERT,svm,3,RMSE,0.8348930967209285
809,rPPB,MolBERT,svm,3,R2,0.3441474188318756
810,rPPB,MolBERT,svm,4,MAE,0.41913976011543286
811,rPPB,MolBERT,svm,4,RMSE,0.5210372878174133
812,rPPB,MolBERT,svm,4,R2,0.24832323618419772
813,rPPB,MolBERT,random-forest,0,MAE,0.5976156070425642
814,rPPB,MolBERT,random-forest,0,RMSE,0.738592278222889
815,rPPB,MolBERT,random-forest,0,R2,0.0454790731744793
816,rPPB,MolBERT,random-forest,1,MAE,0.5776777711072727
817,rPPB,MolBERT,random-forest,1,RMSE,0.6658296205290393
818,rPPB,MolBERT,random-forest,1,R2,0.12656021516886018
819,rPPB,MolBERT,random-forest,2,MAE,0.46031468888656235
820,rPPB,MolBERT,random-forest,2,RMSE,0.5562589398527652
821,rPPB,MolBERT,random-forest,2,R2,0.42583900449438306
822,rPPB,MolBERT,random-forest,3,MAE,0.6922553324703125
823,rPPB,MolBERT,random-forest,3,RMSE,0.8550996042888983
824,rPPB,MolBERT,random-forest,3,R2,0.312016689873691
825,rPPB,MolBERT,random-forest,4,MAE,0.4359950144771876
826,rPPB,MolBERT,random-forest,4,RMSE,0.5645735504447965
827,rPPB,MolBERT,random-forest,4,R2,0.11745964592210201
828,RLM,ECFP4,linear,0,MAE,2.0110822772235255
829,RLM,ECFP4,linear,0,RMSE,2.501842086933549
830,RLM,ECFP4,linear,0,R2,-15.15996309224342
831,RLM,ECFP4,linear,1,MAE,2.050788053281311
832,RLM,ECFP4,linear,1,RMSE,2.6344857362696454
833,RLM,ECFP4,linear,1,R2,-15.615254596729269
834,RLM,ECFP4,linear,2,MAE,2.7914305582787815
835,RLM,ECFP4,linear,2,RMSE,3.516012100553138
836,RLM,ECFP4,linear,2,R2,-30.315263024570303
837,RLM,ECFP4,linear,3,MAE,1.9157805240387773
838,RLM,ECFP4,linear,3,RMSE,2.4273079247302456
839,RLM,ECFP4,linear,3,R2,-12.728504600068089
840,RLM,ECFP4,linear,4,MAE,1.769546545147193
841,RLM,ECFP4,linear,4,RMSE,2.2635358460657775
842,RLM,ECFP4,linear,4,R2,-11.62636231402328
843,RLM,ECFP4,svm,0,MAE,0.4531927140015832
844,RLM,ECFP4,svm,0,RMSE,0.5706023952927379
845,RLM,ECFP4,svm,0,R2,0.15940315203842415
846,RLM,ECFP4,svm,1,MAE,0.46179489706616345
847,RLM,ECFP4,svm,1,RMSE,0.5687820612283202
848,RLM,ECFP4,svm,1,R2,0.2255255786791941
849,RLM,ECFP4,svm,2,MAE,0.4431776899622508
850,RLM,ECFP4,svm,2,RMSE,0.5464321190227214
851,RLM,ECFP4,svm,2,R2,0.24364134691001849
852,RLM,ECFP4,svm,3,MAE,0.46648440839387795
853,RLM,ECFP4,svm,3,RMSE,0.5707920568300999
854,RLM,ECFP4,svm,3,R2,0.24084697371528574
855,RLM,ECFP4,svm,4,MAE,0.46656556142631994
856,RLM,ECFP4,svm,4,RMSE,0.5718132042689109
857,RLM,ECFP4,svm,4,R2,0.19422858995507786
858,RLM,ECFP4,random-forest,0,MAE,0.4979766268616541
859,RLM,ECFP4,random-forest,0,RMSE,0.6106853959600279
860,RLM,ECFP4,random-forest,0,R2,0.03715662840798051
861,RLM,ECFP4,random-forest,1,MAE,0.5068702621687039
862,RLM,ECFP4,random-forest,1,RMSE,0.6179760773299302
863,RLM,ECFP4,random-forest,1,R2,0.08576335721686468
864,RLM,ECFP4,random-forest,2,MAE,0.46433091169018337
865,RLM,ECFP4,random-forest,2,RMSE,0.5715542666846866
866,RLM,ECFP4,random-forest,2,R2,0.17249565282825585
867,RLM,ECFP4,random-forest,3,MAE,0.49939055305109253
868,RLM,ECFP4,random-forest,3,RMSE,0.6019275365775787
869,RLM,ECFP4,random-forest,3,R2,0.15576780671249002
870,RLM,ECFP4,random-forest,4,MAE,0.49134730332011434
871,RLM,ECFP4,random-forest,4,RMSE,0.5985498119995829
872,RLM,ECFP4,random-forest,4,R2,0.11711509476609472
873,RLM,MolFormer,linear,0,MAE,0.5304931407026864
874,RLM,MolFormer,linear,0,RMSE,0.6709966990721768
875,RLM,MolFormer,linear,0,R2,-0.16241536982888327
876,RLM,MolFormer,linear,1,MAE,0.48540807168135097
877,RLM,MolFormer,linear,1,RMSE,0.6094071919309643
878,RLM,MolFormer,linear,1,R2,0.11094127615110194
879,RLM,MolFormer,linear,2,MAE,0.49568165126241315
880,RLM,MolFormer,linear,2,RMSE,0.6210061561803796
881,RLM,MolFormer,linear,2,R2,0.023106651412730828
882,RLM,MolFormer,linear,3,MAE,0.5144040678300864
883,RLM,MolFormer,linear,3,RMSE,0.6446890734136126
884,RLM,MolFormer,linear,3,R2,0.03155690905854003
885,RLM,MolFormer,linear,4,MAE,0.4988737138130606
886,RLM,MolFormer,linear,4,RMSE,0.6316918353063893
887,RLM,MolFormer,linear,4,R2,0.01663664226932049
888,RLM,MolFormer,svm,0,MAE,0.42170260854398406
889,RLM,MolFormer,svm,0,RMSE,0.5403843188440003
890,RLM,MolFormer,svm,0,R2,0.24607863242052563
891,RLM,MolFormer,svm,1,MAE,0.41145059733056794
892,RLM,MolFormer,svm,1,RMSE,0.511640555759154
893,RLM,MolFormer,svm,1,R2,0.37332088517166084
894,RLM,MolFormer,svm,2,MAE,0.434459576595933
895,RLM,MolFormer,svm,2,RMSE,0.5371960071174371
896,RLM,MolFormer,svm,2,R2,0.2689940807296698
897,RLM,MolFormer,svm,3,MAE,0.42080140392682214
898,RLM,MolFormer,svm,3,RMSE,0.5277924649778823
899,RLM,MolFormer,svm,3,R2,0.35091756391535545
900,RLM,MolFormer,svm,4,MAE,0.40760647167466385
901,RLM,MolFormer,svm,4,RMSE,0.5283972296760107
902,RLM,MolFormer,svm,4,R2,0.31194277708761853
903,RLM,MolFormer,random-forest,0,MAE,0.47766552664321293
904,RLM,MolFormer,random-forest,0,RMSE,0.5849247636960936
905,RLM,MolFormer,random-forest,0,R2,0.11667485596522997
906,RLM,MolFormer,random-forest,1,MAE,0.5100671423488201
907,RLM,MolFormer,random-forest,1,RMSE,0.6122432218742526
908,RLM,MolFormer,random-forest,1,R2,0.1026471038006812
909,RLM,MolFormer,random-forest,2,MAE,0.4742982723761
910,RLM,MolFormer,random-forest,2,RMSE,0.5720077473519698
911,RLM,MolFormer,random-forest,2,R2,0.17118202046443487
912,RLM,MolFormer,random-forest,3,MAE,0.5026852564067222
913,RLM,MolFormer,random-forest,3,RMSE,0.6109158703433364
914,RLM,MolFormer,random-forest,3,R2,0.1303664210399028
915,RLM,MolFormer,random-forest,4,MAE,0.4620486597387238
916,RLM,MolFormer,random-forest,4,RMSE,0.5671293163554343
917,RLM,MolFormer,random-forest,4,R2,0.2073751398782394
918,RLM,PhysChem,linear,0,MAE,0.4157750777248714
919,RLM,PhysChem,linear,0,RMSE,0.5294781564957955
920,RLM,PhysChem,linear,0,R2,0.27620317698730945
921,RLM,PhysChem,linear,1,MAE,0.4372694240958045
922,RLM,PhysChem,linear,1,RMSE,0.562704280634515
923,RLM,PhysChem,linear,1,R2,0.2419886034405171
924,RLM,PhysChem,linear,2,MAE,0.42478740847358576
925,RLM,PhysChem,linear,2,RMSE,0.5345444108519682
926,RLM,PhysChem,linear,2,R2,0.2761927521308064
927,RLM,PhysChem,linear,3,MAE,0.41484706542561284
928,RLM,PhysChem,linear,3,RMSE,0.5321929014638079
929,RLM,PhysChem,linear,3,R2,0.3400490763552456
930,RLM,PhysChem,linear,4,MAE,0.4424269555615128
931,RLM,PhysChem,linear,4,RMSE,0.5631793215113529
932,RLM,PhysChem,linear,4,R2,0.21837778408821584
933,RLM,PhysChem,svm,0,MAE,0.4067756329956297
934,RLM,PhysChem,svm,0,RMSE,0.5172797661845551
935,RLM,PhysChem,svm,0,R2,0.3091694126062857
936,RLM,PhysChem,svm,1,MAE,0.42472699778352585
937,RLM,PhysChem,svm,1,RMSE,0.5176451997625436
938,RLM,PhysChem,svm,1,R2,0.35852508271168926
939,RLM,PhysChem,svm,2,MAE,0.41625946956458637
940,RLM,PhysChem,svm,2,RMSE,0.5141240418241135
941,RLM,PhysChem,svm,2,R2,0.3304374295779926
942,RLM,PhysChem,svm,3,MAE,0.40053358465848987
943,RLM,PhysChem,svm,3,RMSE,0.5039386470394669
944,RLM,PhysChem,svm,3,R2,0.40826287502046354
945,RLM,PhysChem,svm,4,MAE,0.40262069999986927
946,RLM,PhysChem,svm,4,RMSE,0.5168413797685609
947,RLM,PhysChem,svm,4,R2,0.3417088012628735
948,RLM,PhysChem,random-forest,0,MAE,0.43258141174891634
949,RLM,PhysChem,random-forest,0,RMSE,0.5332462891941204
950,RLM,PhysChem,random-forest,0,R2,0.2658644412308311
951,RLM,PhysChem,random-forest,1,MAE,0.46407308933116037
952,RLM,PhysChem,random-forest,1,RMSE,0.5665143142392921
953,RLM,PhysChem,random-forest,1,R2,0.23168896155827068
954,RLM,PhysChem,random-forest,2,MAE,0.4403103358378833
955,RLM,PhysChem,random-forest,2,RMSE,0.5378332631565076
956,RLM,PhysChem,random-forest,2,R2,0.26725872069811185
957,RLM,PhysChem,random-forest,3,MAE,0.4593105981708334
958,RLM,PhysChem,random-forest,3,RMSE,0.5638077033807378
959,RLM,PhysChem,random-forest,3,R2,0.25931167909701647
960,RLM,PhysChem,random-forest,4,MAE,0.42463935399948577
961,RLM,PhysChem,random-forest,4,RMSE,0.5276775038009804
962,RLM,PhysChem,random-forest,4,R2,0.3138158956294136
963,RLM,MolBERT,linear,0,MAE,0.45966857745855944
964,RLM,MolBERT,linear,0,RMSE,0.5854382349612757
965,RLM,MolBERT,linear,0,R2,0.11512333623052706
966,RLM,MolBERT,linear,1,MAE,0.5092747279573955
967,RLM,MolBERT,linear,1,RMSE,0.6451144800975839
968,RLM,MolBERT,linear,1,R2,0.003702874109623888
969,RLM,MolBERT,linear,2,MAE,0.48688325983498176
970,RLM,MolBERT,linear,2,RMSE,0.6097752107758262
971,RLM,MolBERT,linear,2,R2,0.05812152562480344
972,RLM,MolBERT,linear,3,MAE,0.4725595132901244
973,RLM,MolBERT,linear,3,RMSE,0.5949629934515654
974,RLM,MolBERT,linear,3,R2,0.17519099627676094
975,RLM,MolBERT,linear,4,MAE,0.5226980345285113
976,RLM,MolBERT,linear,4,RMSE,0.6551644501647992
977,RLM,MolBERT,linear,4,R2,-0.057801412452383794
978,RLM,MolBERT,svm,0,MAE,0.37336302973989194
979,RLM,MolBERT,svm,0,RMSE,0.4758979566596518
980,RLM,MolBERT,svm,0,R2,0.4152795858005648
981,RLM,MolBERT,svm,1,MAE,0.38831276220960476
982,RLM,MolBERT,svm,1,RMSE,0.49111377054744604
983,RLM,MolBERT,svm,1,R2,0.4225963556590726
984,RLM,MolBERT,svm,2,MAE,0.403242757992073
985,RLM,MolBERT,svm,2,RMSE,0.4938819731647808
986,RLM,MolBERT,svm,2,R2,0.3821234814319322
987,RLM,MolBERT,svm,3,MAE,0.3807751026395436
988,RLM,MolBERT,svm,3,RMSE,0.4772487523836317
989,RLM,MolBERT,svm,3,R2,0.4692828897197502
990,RLM,MolBERT,svm,4,MAE,0.4062567674893497
991,RLM,MolBERT,svm,4,RMSE,0.5121020105593951
992,RLM,MolBERT,svm,4,R2,0.35372633966658373
993,RLM,MolBERT,random-forest,0,MAE,0.4475708459824145
994,RLM,MolBERT,random-forest,0,RMSE,0.5529024008811766
995,RLM,MolBERT,random-forest,0,R2,0.21074466189588104
996,RLM,MolBERT,random-forest,1,MAE,0.4780971390854546
997,RLM,MolBERT,random-forest,1,RMSE,0.578984789932548
998,RLM,MolBERT,random-forest,1,R2,0.19749156288627967
999,RLM,MolBERT,random-forest,2,MAE,0.44665702703608323
1000,RLM,MolBERT,random-forest,2,RMSE,0.543740049686993
1001,RLM,MolBERT,random-forest,2,R2,0.25107558855604195
1002,RLM,MolBERT,random-forest,3,MAE,0.4694309583365741
1003,RLM,MolBERT,random-forest,3,RMSE,0.5749424100394384
1004,RLM,MolBERT,random-forest,3,R2,0.22976690325135174
1005,RLM,MolBERT,random-forest,4,MAE,0.4482890121694095
1006,RLM,MolBERT,random-forest,4,RMSE,0.5468960098744253
1007,RLM,MolBERT,random-forest,4,R2,0.2629227550932246
